Row Labels,Sum of Freq,New Country Name
England,49%,United Kingdom
United Kingdom,42%,United Kingdom
Scotland,3%,United Kingdom 
Wales,1%,United Kingdom
Northern Ireland,1%,United Kingdom
Germany,0%,Germany
United States,0%,United States of America
China,0%,China
France,0%,France
Switzerland,0%,Switzerland
Ireland,0%,Ireland
Italy,0%,Italy
Netherlands,0%,Netherlands
Guernsey,0%,Guernsey 
Great Britain,0%,United Kingdom
Usa,0%,United States of America
Australia,0%,Australia
Spain,0%,Spain
Norway,0%,Norway
Ukraine,0%,Ukraine
Jersey,0%,Jersey 
Isle Of Man,0%,Isle of Man 
Poland,0%,Poland
India,0%,India
Canada,0%,Canada
Russia,0%,Russia
Hong Kong,0%,Hong Kong
United Arab Emirates,0%,United Arab Emirates
Sweden,0%,Sweden
Czech Republic,0%,Czech Republic
Austria,0%,Austria
Hungary,0%,Hungary
Cyprus,0%,Cyprus
China.,0%,China
Luxembourg,0%,Luxembourg
Belgium,0%,Belgium
Japan,0%,Japan
Singapore,0%,Singapore
Denmark,0%,Denmark
South Africa,0%,South Africa
Gibraltar,0%,Gibraltar
"Virgin Islands, British",0%,British Virgin Islands
Philippines,0%,Philippines
Israel,0%,Israel
Turkey,0%,Turkey
Channel Islands,0%,UK offshore - unspecified 
Greece,0%,Greece
Uk,0%,United Kingdom
Cape Verde,0%,Cape Verde
Malta,0%,Malta
New Zealand,0%,New Zealand
Portugal,0%,Portugal
Bermuda,0%,Bermuda
Latvia,0%,Latvia
Malaysia,0%,Malaysia
Cayman Islands,0%,Cayman Islands
Romania,0%,Romania
Monaco,0%,Monaco
Seychelles,0%,Seychelles
Slovakia,0%,Slovakia
Pakistan,0%,Pakistan
Finland,0%,Finland
Brazil,0%,Brazil
Bulgaria,0%,Bulgaria
Belize,0%,Belize
Thailand,0%,Thailand
Uzbekistan,0%,Uzbekistan
Saudi Arabia,0%,Saudi Arabia
Mauritius,0%,Mauritius
Russian Federation,0%,Russia
Nigeria,0%,Nigeria
Lithuania,0%,Lithuania
Taiwan,0%,Taiwan
Egypt,0%,Egypt
Liechtenstein,0%,Liechtenstein
Bahamas,0%,The Bahamas
British Virgin Islands,0%,British Virgin Islands
United Kingdom.,0%,United Kingdom
Belarus,0%,Belarus
Estonia,0%,Estonia
Panama,0%,Panama
Lebanon,0%,Lebanon
South Korea,0%,South Korea
Morocco,0%,Morocco
Slovenia,0%,Slovenia
Kazakhstan,0%,Kazakhstan
Qatar,0%,Qatar
Serbia,0%,Serbia
Azerbaijan,0%,Azerbaijan
Croatia,0%,Croatia
Mexico,0%,Mexico
Kuwait,0%,Kuwait
N Ireland,0%,United Kingdom
Armenia,0%,Armenia
Argentina,0%,Argentina
Moldova,0%,Moldova
Uae,0%,United Arab Emirates
Iran,0%,Iran
Bangladesh,0%,Bangladesh
Marshall Islands,0%,Marshall Islands
Iceland,0%,Iceland
Georgia,0%,Georgia
Sri Lanka,0%,Sri Lanka
Kenya,0%,Kenya
Cymru,0%,United Kingdom
Jordan,0%,Jordan
Bahrain,0%,Bahrain
Indonesia,0%,Indonesia
Turkmenistan,0%,Turkmenistan
Slovak Republic,0%,Slovakia
Zimbabwe,0%,Zimbabwe
Costa Rica,0%,Costa Rica
Uruguay,0%,Uruguay
Ecuador,0%,Ecuador
Barbados,0%,Barbados
Ghana,0%,Ghana
England & Wales,0%,United Kingdom
Andorra,0%,Andorra
Vietnam,0%,Vietnam
England.,0%,United Kingdom
Venezuela,0%,Venezuela
Curacao,0%,Curacao
Algeria,0%,Algeria
British Virgin Island,0%,British Virgin Islands
Republic Of Belarus,0%,Belarus
Madagascar,0%,Madagascar
Tunisia,0%,Tunisia
Oman,0%,Oman
Gibraltor,0%,Gibraltar
Iraq,0%,Iraq
Eng,0%,United Kingdom
British Isles,0%,United Kingdom
South Wales,0%,United Kingdom
Saint Vincent And The Grenadines,0%,Saint Vincent And The Grenadines
Colombia,0%,Colombia
Dominican Republic,0%,Dominican Republic
Lancashire,0%,United Kingdom
Ireland (Republic Of),0%,Republic of Ireland
Liberia,0%,Liberia
Chile,0%,Chile
Peru,0%,Peru
Dubai,0%,United Arab Emirates
N. Ireland,0%,United Kingdom
Dominica,0%,Dominica
Uk Offshore,0%,UK offshore - unspecified 
Jamaica,0%,Jamaica
Anguilla,0%,Anguilla
Saint Lucia,0%,Saint Lucia
United Kindom,0%,United Kingdom
England United Kingdom,0%,United Kingdom
United States Of America,0%,United States Of America
Republic Of Panama,0%,Panama
Kyrgyzstan,0%,Kyrgyzstan
Albania,0%,Albania
Samoa,0%,Samoa
Libya,0%,Libya
Hong Kong (Sar),0%,Hong Kong
Montenegro,0%,Montenegro
Tajikistan,0%,Tajikistan
Turks And Caicos Islands,0%,Turks And Caicos Islands
Uganda,0%,Uganda
Bosnia And Herzegovina,0%,Bosnia And Herzegovina
Saint Kitts And Nevis,0%,Saint Kitts And Nevis
Britain,0%,United Kingdom
Cook Islands,0%,Cook Islands
Republic Of Moldova,0%,Moldova
Virgin Islands (British),0%,British Virgin Islands
Macedonia,0%,Macedonia
Korea,0%,South Korea
Zambia,0%,Zambia
West Indies,0%,West Indies - unspecified
Ivory Coast,0%,Ivory Coast
Hongkong,0%,Hong Kong
Afghanistan,0%,Afghanistan
Tanzania,0%,Tanzania
Namibia,0%,Namibia
America,0%,United States of America
Bvi,0%,British Virgin Islands
U K,0%,United Kingdom
Slovakia (Slovak Republic),0%,Slovakia
Cambodia,0%,Cambodia
Angola,0%,Angola
England/United Kingdom,0%,United Kingdom
Dorset,0%,United Kingdom
Botswana,0%,Botswana
U,0%,NA
North Wales,0%,United Kingdom
Cameroon,0%,Cameroon
Trinidad And Tobago,0%,Trinidad And Tobago
U.K,0%,United Kingdom
U.K.,0%,United Kingdom
Republic Of Uzbekistan,0%,Uzbekistan
Essex,0%,United Kingdom
Kingdom Of Saudi Arabia,0%,Saudi Arabia
Sultanate Of Oman,0%,Oman
Nepal,0%,Nepal
Russia Federation,0%,Russia
Cheshire,0%,United Kingdom
Sudan,0%,Sudan
Republic Of Ireland,0%,Republic Of Ireland
Republic Of The Marshall Islands,0%,Marshall Islands
"Guernsey, Channel Islands",0%,Guernsey 
Gambia,0%,Gambia
Grand Duchy Of Luxembourg,0%,Luxembourg
Undefined,0%,NA
Surrey,0%,United Kingdom
Cuba,0%,Cuba
Mongolia,0%,Mongolia
Devon,0%,United Kingdom
.,0%,NA
(Northern Ireland),0%,United Kingdom
Syria,0%,Syria
Virgin Islands,0%,British Virgin Islands
Sierra Leone,0%,Sierra Leone
Netherlands Antilles,0%,Netherlands Antilles
People's Republic Of China,0%,China
Paraguay,0%,Paraguay
San Marino,0%,San Marino
"England, United Kingdom",0%,United Kingdom
Hong Kong.,0%,Hong Kong
Hampshire,0%,United Kingdom 
Channel Island,0%,UK offshore - unspecified 
The Bahamas,0%,The Bahamas
The Channel Islands,0%,UK offshore - unspecified 
Myanmar,0%,Myanmar
Saint Vincent,0%,Saint Vincent And The Grenadines
Nevis,0%,Saint Kitts And Nevis
Puerto Rico,0%,United States of America
Other,0%,NA
Republic Of Kazakhstan,0%,Kazakhstan
Singapore (018960),0%,Singapore
Republic Of Seychelles,0%,Seychelles
Commonwealth Of Dominica,0%,Dominica
England And Wales,0%,United Kingdom
"Scotland, United Kingdom",0%,Scotland
Senegal,0%,Senegal
Kyrgyz Republic,0%,Kyrgyzstan
Lichtenstein,0%,Lichtenstein
Hertfordshire,0%,United Kingdom
British Overseas Territory,0%,UK offshore - unspecified 
Engalnd,0%,United Kingdom
British Virgin Islan,0%,British Virgin Islands
United Kingdon,0%,United Kingdom
United States Minor Outlying Islands,0%,United States of America
The Gambia,0%,Gambia
Republic Of Korea,0%,South Korea
London,0%,United Kingdom
Faroe Islands,0%,Denmark
Guatemala,0%,Guatemala
Kent,0%,United Kingdom
Benin,0%,Benin
Bolivia,0%,Bolivia
British West Indies,0%,West Indies - unspecified
Swaziland,0%,Swaziland
Vanuatu,0%,Vanatu
Togo,0%,Togo
United  Kingdom,0%,United Kingdom
Gb,0%,United Kingdom
Luxemburg,0%,Luxembourg
Kosovo,0%,Kosovo
Isle Of Wight,0%,Isle of Wight
El Salvador,0%,El Salvador
Cayman Island,0%,Cayman Islands
Central America,0%,NA
Viet Nam,0%,Vietnam 
West Midlands,0%,United Kingdom
South Yorkshire,0%,United Kingdom
Suriname,0%,Suriname
United Kindgom,0%,United Kingdom
Uk England,0%,United Kingdom
Singapore (079025),0%,Singapore
Peoples Republic Of China,0%,China
Republic Of China,0%,China
Malawi,0%,Malawi
H,0%,NA
"Jersey, Channel Islands",0%,Jersey 
French Polynesia,0%,French Polynesia
Hong  Kong,0%,Hong Kong
Hong Kong Sar,0%,Hong Kong
Wales Uk,0%,United Kingdom
Srilanka,0%,Sri Lanka
U.A.E.,0%,United Arab Emirates
Western Australia,0%,Australia
Republic Of Mauritius,0%,Mauritius
Republic Of Armenia,0%,Armenia
Somerset,0%,United Kingdom
Middlesex,0%,United Kingdom
"Korea, Republic Of",0%,South Korea
Guyana,0%,Guyana
Macao,0%,Macao
Falkland Islands,0%,Falkland Islands
Gibralter,0%,Gibraltar
Kingdom Of Bahrain,0%,Bahrain
Grenada,0%,Grenada
Abu Dhabi,0%,United Arab Emirates
Antigua And Barbuda,0%,Antigua And Barbuda
Cote D'Ivoire,0%,Ivory Coast
"Dubai, United Arab Emirates",0%,United Arab Emirates
"Dubai, Uae",0%,United Arab Emirates
Channel Isles,0%,UK offshore - unspecified 
Antigua,0%,Antigua And Barbuda
Aland Islands,0%,Finland
Warwickshire,0%,United Kingdom
"Taiwan, Province Of China",0%,Taiwan
United Kingom,0%,United Kingdom
Toronto,0%,Canada
Trinidad,0%,Trinidad And Tobago
West Yorkshire,0%,United Kingdom
St Kitts And Nevis,0%,Saint Kitts And Nevis
United Kingkom,0%,United Kingdom
Monte Carlo,0%,Monaco
P.R. China,0%,China
Notspecified,0%,NA
Martinique,0%,Martinique
Rep Of Panama,0%,Panama
"Finland, 00880",0%,Finland
J,0%,NA
Ethiopia,0%,Ethiopia
England Uk,0%,United Kingdom
Kyrgystan,0%,Kyrgyzstan
Greater Manchester,0%,United Kingdom
"China, 318020",0%,China
Belguim,0%,Belgium
British,0%,United Kingdom
St. Kitts And Nevis,0%,Saint Kitts And Nevis
Yemen,0%,Yemen
St. Vincent And The Grenadines,0%,Saint Vincent And The Grenadines
Switerland,0%,Switzerland
St Kitts & Nevis,0%,Saint Kitts And Nevis
Ukr,0%,Ukraine
United Kingdrom,0%,United Kingdom
Principality Of Monaco,0%,Monaco
Pr China,0%,China
Rus,0%,Russia
Sint Maarten (Dutch Part),0%,Saint Martin
"Scotland, Uk",0%,United Kingdom
Republic Of San Marino,0%,San Marino
Norfolk,0%,United Kingdom
Marshall Island,0%,Marshall Islands
Lanarkshire,0%,United Kingdom
Gilbraltar,0%,Gibraltar
Macau,0%,Macao
Gabon,0%,Gabon
Fiji,0%,Fiji
Grand-Duchy Of Luxembourg,0%,Luxembourg
Mali,0%,Mali
Jersey - Channel Islands,0%,Jersey 
Iran (Islamic Republic Of),0%,Iran
"Abu Dhabi, U.A.E",0%,United Arab Emirates
Aberdeen,0%,United Kingdom
1204 Switzerland,0%,Switzerland
(Netherlands Antilles),0%,Netherlands Antilles
British Virgin Isles,0%,British Virgin Islands
Bailiwick Of Guernsey,0%,Guernsey 
British Channel Islands,0%,UK offshore - unspecified 
Democratic Republic Of Congo,0%,Democratic Republic Of Congo
Chanel Islands,0%,UK offshore - unspecified 
England / United Kingdom,0%,United Kingdom
British Islands,0%,United Kingdom
Che,0%,NA
Brunei Darussalam,0%,Brunei
Ss7 4qn,0%,United Kingdom 
West Africa,0%,NA
Ukrain,0%,Ukraine
Switerzerland,0%,Switzerland
West Sussex,0%,United Kingdom
United Arab Emirate,0%,United Arab Emirates
Republic Of Tajikistan,0%,Tajikistan
North Somerset,0%,United Kingdom
Mozambique,0%,Mozambique
P.R.China,0%,China
Sinagpore,0%,Singapore
Palestine,0%,Palestine
Republic Of The Philippines,0%,Philippines
Republic De Panama,0%,Panama
Rwanda,0%,Rwanda
Republic Of Azerbaijan,0%,Azerbaijan
Scotland - Uk,0%,United Kingdom
Scotland Uk,0%,United Kingdom
Hong Kong      Prc,0%,Hong Kong
Gbr,0%,United Kingdom
Kong Kong,0%,Hong Kong
G.D. Luxembourg,0%,Luxembourg
Gurnsey,0%,Guernsey 
England/ United Kingdom,0%,United Kingdom
Latvija,0%,Latvia
Holland,0%,Netherlands 
"Malta, Bkr 3000",0%,Malta
"Iran, Islamic Republic Of",0%,Iran
Indian,0%,India
Brunei,0%,Brunei
B.V.I.,0%,British Virgin Islands
Chn,0%,China 
Bucks,0%,United Kingdom 
Eire,0%,Republic Of Ireland
7777788888,0%,NA
Avon,0%,United Kingdom
Dubai Uae,0%,United Arab Emirates
Alderney,0%,UK offshore - unspecified 
U. K.,0%,United Kingdom
The Cayman Islands,0%,Cayman Islands
The Russian Federation,0%,Russia
United Knigdom,0%,United Kingdom
"Wales, Uk",0%,United Kingdom
United Republic Of Tanzania,0%,Tanzania
St. Kitts Nevis,0%,Saint Kitts And Nevis
Taiwan Roc,0%,Taiwan
St Helier,0%,Jersey 
Taiwan (R.O.C),0%,Taiwan
The Netherlands,0%,Netherlands
United States Virgin Islands,0%,US Virgin Islands
"Wales, United Kingdom",0%,United Kingdom
York,0%,United Kingdom
South Pacific,0%,NA
United Kigdom,0%,United Kingdom
The British Virgin Islands,0%,British Virgin Islands
United Kiingdom,0%,United Kingdom
Tajikstan,0%,Tajikistan
"Taiwan, R.O.C.",0%,Taiwan
Wiltshire,0%,United Kingdom
Taiwan.,0%,Taiwan
St. Lucia,0%,Saint Lucia
Yorkshire,0%,United Kingdom
Russian,0%,Russia
Nertherlands,0%,Netherlands
Philipines,0%,Philippines
Singapore(018960),0%,Singapore
Merseyside,0%,United Kingdom 
Principauté De Monaco,0%,Monaco
Nevis And St Kitts,0%,Saint Kitts And Nevis
Nicaragua,0%,Nicaragua
Saint Vincent & The Grenadines,0%,Saint Vincent And The Grenadines
Paris,0%,France 
Maurituis,0%,Mauritius
Republic Of Bulgaria,0%,Bulgaria
Moscow,0%,Moscow
Republic Of Serbia,0%,Serbia
Sotland,0%,United Kingdom
Republic Of Singapore,0%,Singapore
Republica Moldova,0%,Moldova
Grand Cayman,0%,Cayman Islands
"Isle Of Man, United Kingdom",0%,Isle Of Man
Iom,0%,Isle Of Man
Guersney,0%,Guersney
Jersey Channel Islands,0%,Jersey 
Guinea,0%,Guinea
Leichtenstein,0%,Liechtenstein
Foreign,0%,NA
Guadeloupe,0%,Guadeloupe
Herts,0%,United Kingdom
Italia,0%,Italy 
"Hong Kong, China",0%,Hong Kong
Kazakstan,0%,Kazakhstan
G.B,0%,Untied Kingdom
La15 5rg,0%,United Kingdom 
Honk Kong,0%,Hong Kong
Greater London,0%,United Kingdom
India.,0%,India
Gb-Eng,0%,United Kingdom
East Timor,0%,East Timor
Asia,0%,NA
Bv Islands,0%,British Virgin Islands
Brasil,0%,Brazil
Berkshire,0%,United Kingdom
British Vergin Islands,0%,British Virgin Islands
Burkina Faso,0%,Burkina Faso
Crete,0%,Greece
Conwy,0%,United Kingdom
Crown Dependencies United Kingdom,0%,UK offshore - unspecified 
British Virgin Islands Vg1110,0%,British Virgin Islands
Ct 06902,0%,United States of America
China .,0%,China
American Samoa,0%,United States of America
China 11142,0%,China
Cumbria,0%,United Kingdom
En3 7lh,0%,Uniteed Kingdom 
Danmark,0%,Denmark
Engand,0%,United Kingdom
Bailiwick Of Jersey,0%,Jersey 
Africa,0%,NA
Canary Islands,0%,Spain
Suisse,0%,Switzerland
The People's Republic Of China,0%,China
Wales United Kingdom,0%,United Kingdom
Taiwan (R.O.C.),0%,Taiwan
"Taiwan, Roc",0%,Taiwan
State Of Delaware,0%,United States of America
Tur,0%,Turkey
U.A.E,0%,United Arab Emirates
Unied Kingdom,0%,United Kingdom
United Kingdom - England,0%,United Kingdom
St Lucia,0%,Saint Lucia
United Kingdom - Jersey,0%,Jersey
Trinidad W.I.,0%,Trinidad And Tobago
United Kingdom (England),0%,United Kingdom
St. Vincent & The Grenadines,0%,Saint Vincent And The Grenadines
Taiwan R.O.C,0%,Taiwan
Wales U.K,0%,United Kingdom
Tortola,0%,British Virgin Islands
Swtizerland,0%,Switzerland
South Glamorgan,0%,United Kingdom
Unite Kingdom,0%,United Kingdom
United Kingodm,0%,United Kingdom
Southern Ireland,0%,Republic Of Ireland
The Kyrgyz Republic,0%,Kyrgyzstan
St Vincent,0%,Saint Vincent And The Grenadines
United Kngdom,0%,United Kingdom
Vatican City,0%,Vatican
South Australia,0%,Australia
Uk Wales,0%,United Kingdom
Uea,0%,United Arab Emirates
Virgin Island (British),0%,British Virgin Islands
United Staes Of America,0%,United States of America
Tenerife,0%,Spain
The Cook Islands,0%,The Cook Islands
Ukraina,0%,Ukraine
Switserland,0%,Switzerland
Swizterland,0%,Switzerland
Switzerland 1208,0%,Switzerland
Un,0%,NA
Uniteed Kingdom,0%,United Kingdom
Wales.,0%,United Kingdom
Uniter Kingdom,0%,United Kingdom
Wc1n 2eb,0%,United Kingdom
Unitied Kingdom,0%,United Kingdom
United,0%,NA
Unnited Kingdom,0%,United Kingdom
The Czech Republic,0%,Czech Republic
Untied Kingdom,0%,United Kingdom
United Ingdom,0%,United Kingdom
Upper Volta,0%,Burkina Faso
Worcester,0%,United Kingdom
"Switzerland, 1884",0%,Switzerland
State Of Kuwait,0%,Kuwait
"Taiwan, Republic Of China",0%,Taiwan
United Kinfgdom,0%,United Kingdom
Staffordshire,0%,United Kingdom
United Kingadom,0%,United Kingdom
Uk South Wales,0%,United Kingdom
Nth. Wales,0%,United Kingdom
"Scotland, United Kindgom",0%,United Kingdom
Saudi Arab,0%,Saudi Arabia
Please Enter Country,0%,NA
Morroco,0%,Morocco
Please Select,0%,NA
Northamtonshire,0%,United Kingdom
Principat D'Andorra,0%,Andorra 
Northern Cyprus,0%,Cyprus
Mumbai,0%,India
Scotland-Uk,0%,United Kingdom
Principauty Of Monaco,0%,Monaco
Norwegian,0%,Norway
Ramsey,0%,United Kingdom
Slovenija,0%,Slovenia
Palau,0%,Palau
Northants,0%,United Kingdom
Republic Of Croatia,0%,Croatia
Saudia Arabia,0%,Saudi Arabia
Republic Of Maldives,0%,Maldives
"Mexico, D.F.",0%,Mexico
Nga,0%,Nigeria
"Northern Ireland, Uk",0%,United Kingdom
Papua New Guinea,0%,Papua New Guinea
Serbia And Montenegro,0%,Serbia And Montenegro
Philapines,0%,Philippines
N.Ireland,0%,United Kingdom
Russina Federation,0%,Russia
Nottinghamshire,0%,United Kingdom
People’S Republic Of China,0%,China
Slovenia 6000,0%,Slovenia
Saint Vincent And Grenadines,0%,Saint Vincent And The Grenadines
Somalia,0%,Somalia
Northamptonshire,0%,United Kingdom
Nives,0%,Belgium
Hong Kong Special Administrative Region Of The Prc,0%,Hong Kong
Kirgizstan,0%,Kyrgyzstan
Guinea-Bissau,0%,Guinea-Bissau
Espana,0%,Spain
Hong   Kong,0%,Hong Kong
Florida,0%,United States of America
Englnd,0%,United Kingdom
Hr4 9nt,0%,United Kingdom
Jpn,0%,Japan
Hu15 2fx,0%,United Kingdom
Kt6 5lr,0%,United Kingdom
Marshal Islands,0%,Marshall Islands
Le,0%,NA
Gwent,0%,United Kingdom
Liechtenstain,0%,Liechtenstein
Gabonese Republic,0%,Gabon
Luxemborg,0%,Luxembourg
Enland,0%,United Kingdom
Ghanaian,0%,Ghana
Luxembourgh,0%,Luxembourg
Honduras,0%,Honduras
Hants,0%,United Kingdom
Fed. St Kitts & Nevis,0%,Saint Kitts And Nevis
Maldives,0%,Maldives
Gloucestershire,0%,United Kingdom
Equatorial Guinea,0%,Equatorial Guinea
Hong King,0%,Hong Kong
Isle Of Mann,0%,Isle of Man
England X,0%,United Kingdom
Geneva,0%,Switzerland
Liechenstein,0%,Liechtenstein
Isreael,0%,Israel
"Guernsey, C.I.",0%,Guernsey
Guernsey Channel Islands,0%,Guernsey
Lux,0%,Luxembourg
Japan 612-8501,0%,Japan
Fiji Islands,0%,Fiji
Hkg,0%,Hong Kong
"Jersey, C.I.",0%,Jersey
Malaysia.,0%,Malaysia
"Ireland, Republic Of",0%,Republic Of Ireland
Mallorca,0%,Spain
"Isle Of Man, British Isles",0%,Isle of Man
Guensey,0%,Guensey
Cyrprus,0%,Cyprus
"Congo, The Democratic Republic Of The",0%,Democratic Republic Of Congo
Belorussia,0%,Belarus
Britian,0%,United Kingdom
Cote Divoire,0%,Ivory Coast
19904,0%,United States of America
E,0%,NA
Bali,0%,Bali
Commonwealth Of The Bahamas,0%,The Bahamas
British Virgin Lslands,0%,British Virgin Islands
Cornwall,0%,United Kingdom
Bath,0%,United Kingdom
Antigua & Barbuda,0%,Antigua And Barbuda
Beijing,0%,China
Ascension Island,0%,UK offshore - unspecified 
98005,0%,United States of America
Austalia,0%,Australia
C.I.,0%,UK offshore - unspecified 
Angus,0%,NA
California,0%,United States of America
Congo,0%,Democratic Republic Of Congo
Caribbean,0%,NA
Cook Island,0%,Cook Islands
Cayman,0%,Cayman Islands
Bemuda,0%,Bermuda
"Belgium, 1651",0%,Belgium
Cri,0%,NA
Caymen Islands,0%,Cayman Islands
Bermuda Hm11,0%,Bermuda
Chanel Isles,0%,UK offshore - unspecified 
"Bermuda, Hm11",0%,Bermuda
China (Hong Kong),0%,Hong Kong
Bl1 4by,0%,United Kingdom
China (Hongkong),0%,Hong Kong
Emgland,0%,United Kingdom
Belorus,0%,Belarus
Austrailia,0%,Australia
Chinese,0%,China
Aberdeenshire,0%,United Kingdom
Virgin British Islands,0%,British Virgin Islands
The United Arab Emirates,0%,United Arab Emirates
Worcestershire,0%,United Kingdom
Svizzera,0%,Switzerland
Usa 06896 1006,0%,United States of America
Taiwan (Roc),0%,Taiwan
St. Kitts,0%,Saint Kitts And Nevis
Taiwan 00510,0%,Taiwan
Spain.,0%,Spain
Uited Kingdom,0%,United Kingdom
Unted Kingdom,0%,United Kingdom
Ujk,0%,United Kingdom
Valencia,0%,Spain
Taiwan 324,0%,Taiwan
Tunisie,0%,Tunisia
Svn,0%,Slovenia
Syc,0%,Seychelles
Sw11 3rf,0%,United Kingdom
Yugoslavia,0%,NA
Sw1x 0as,0%,United Kingdom
The Ukrain,0%,Ukraine
"Taiwan, R.O.C",0%,Taiwan
Unitrd Kingdom,0%,United Kingdom
Uk.,0%,United Kingdom
Uruguary,0%,Uruguay
Uk/England,0%,United Kingdom
Uzbekista,0%,Uzbekistan
Uk7777788888416-,0%,United Kingdom
Vg1110 (British Virgin Islands),0%,British Virgin Islands
Uk-England,0%,United Kingdom
Virgin Islands (U.S.),0%,US Virgin Islands
St Kitts,0%,Saint Kitts And Nevis
Turkey 3420,0%,Turkey 
St Kitts And Nevis West Indies,0%,Saint Kitts And Nevis
West Malaysia,0%,Malaysia
Sweeden,0%,Sweden
Western Sahara,0%,Western Sahara
Switcherland,0%,Switzerland
Yeovil,0%,United Kingdom
Ukranie,0%,Ukraine
Zuid-Korea,0%,South Korea
St Vincent & The Grenadines,0%,Saint Vincent And The Grenadines
United States Of Amercia,0%,United States of America
Unated States Of America,0%,United States of America
Unitedarabemirates,0%,United Arab Emirates
Stirlingshire,0%,United Kingdom
The United Kingdom,0%,United Kingdom
Uni,0%,NA
Unity Kingdom,0%,United Kingdom
Unied Arab Emirates,0%,United Arab Emirates
Unuted Kingdom,0%,United Kingdom
Suadi Arabia,0%,Saudi Arabia
Us Virgin Isles,0%,US Virgin Islands
Union Arab Emirates,0%,United Arab Emirates
Utter Pradesh,0%,India
Unired Kingdom,0%,United Kingdom
"Uzbekistan,",0%,Uzbekistan
Unitd Kingdom,0%,United Kingdom
"Switzerland, 1854",0%,Switzerland
Unite Dkingdom,0%,United Kingdom
Switzweland,0%,Switzerland
Teesside,0%,United Kingdom
Switzwerland,0%,Switzerland
Switxerland,0%,Switzerland
Tunisia 2073,0%,Tunisia
Tenerife / Spain,0%,Spain
Turk And Caicos Islands,0%,Turks And Caicos Islands
United Arab Amirates,0%,United Arab Emirates
"Turkish Replublic, Northern Cyprus",0%,Cyprus
United Arab Emeriates,0%,United Arab Emirates
West Australia,0%,Australia
United Arab Emirat,0%,United Arab Emirates
St. Kitts & Nevis,0%,Saint Kitts And Nevis
Tha,0%,Thailand
Sychelles,0%,Seychelles
United Arab Emirated,0%,United Arab Emirates
Wirral,0%,United Kingdom
South Lanarkshire,0%,United Kingdom
Wtc Panama,0%,Panama
United Arab Emirates (Uae),0%,United Arab Emirates
Tai Wan,0%,Taiwan
United Arab Emirates.,0%,United Arab Emirates
St.Vincent And The Grenadines,0%,Saint Vincent And The Grenadines
United Arab Emiratesunited Arab Emirates,0%,United Arab Emirates
The Republic Of Korea,0%,South Korea
United Arab Enmirates,0%,United Arab Emirates
Switzerland 8832,0%,Switzerland
United Arabic Emirates,0%,United Arab Emirates
The Territory Of The British Virgin Islands,0%,British Virgin Islands
United Country,0%,NA
United.Kingdom,0%,United Kingdom
United Emirates,0%,United Arab Emirates
Unitedkingdom,0%,United Kingdom
The,0%,NA
Unitek Kindom,0%,United Kingdom
United Ki,0%,United Kingdom
Tiawan,0%,Taiwan
United Kicgdom,0%,United Kingdom
Unitted Kingdom,0%,United Kingdom
Switzerand,0%,Switzerland
Tiwan (R.O.C.),0%,Taiwan
United Kigkdom,0%,United Kingdom
Tn23 3je,0%,United Kingdom
The Bailiwick Of Guernsey,0%,Guernsey
Switzerland Ch6428,0%,Switzerland
United Kindgdom,0%,United Kingdom
"Switzerland, 1110",0%,Switzerland
The British Isles,0%,United Kingdom
Srbska,0%,Serbia And Montenegro
Switzerkand,0%,Switzerland
"Usa, 91789",0%,United States of America
United Kindom - Jersey,0%,United Kingdom
Uunited States Of America,0%,United States of America
South Korea.,0%,South Korea
"Switzerland, 1223",0%,Switzerland
United King,0%,United Kingdom
Uzibekistan,0%,Uzbekistan
Switzerland - Ch1800,0%,Switzerland
Tr20 8al,0%,United Kingdom
United Kingdbom,0%,United Kingdom
Suede,0%,Sweden
United Kingdm,0%,United Kingdom
Vienna,0%,Austria
United Kingdog,0%,United Kingdom
Trinidad Wi,0%,Trinidad And Tobago
Southshire,0%,United Kingdom
Tukey,0%,Turkey
Switzerland 1205,0%,Switzerland
Tunisia 1073,0%,Tunisia
St. Vincent & Grenadines,0%,Saint Vincent And The Grenadines
Virgin Islands British,0%,British Virgin Islands
Switzerland 1291,0%,Switzerland
W2 1je,0%,United Kingdom
United Kingdom England,0%,United Kingdom
Swizerland,0%,Switzerland
United Kingdom Of Great Britain,0%,United Kingdom
Swizserland,0%,Switzerland
United Kingdom Of Great Britain And Northern Irel,0%,United Kingdom
Turkey.,0%,Turkey
South Gloucestershir,0%,United Kingdom
"Turkish Republic, Northern Cyprus",0%,Cyprus
United Kingdom/Scotland,0%,United Kingdom
Turks & Caicos,0%,Turks And Caicos Islands
United Kingdom],0%,United Kingdom
"Turks & Caicos Island, British West Indes",0%,Turks And Caicos Islands
United Kingdome,0%,United Kingdom
Turks & Caicos Islands,0%,Turks And Caicos Islands
United Kingdomm,0%,United Kingdom
West Wales,0%,United Kingdom
The Isle Of Man,0%,Isle of Man
Western Austrailia,0%,Australia
The Kingdom Of Saudi Arabia,0%,Saudi Arabia
Western Australia 6102,0%,Australia
United Kingfom,0%,United Kingdom
U Kingdom,0%,United Kingdom
Switzerland 4433,0%,Switzerland
St.Kitts & Nevis,0%,Saint Kitts And Nevis
Switzerland 8002,0%,Switzerland
Worcstershire,0%,United Kingdom
The Neveerlands,0%,Netherlands
Syrian Arab Republic,0%,Syria
United Kinkgdom,0%,United Kingdom
Yk,0%,NA
Switzerland 8022,0%,Switzerland
South Korean,0%,South Korea
The Philippines,0%,The Philippines
Zaire,0%,Zaire
United Kungdom,0%,United Kingdom
U.S.A.,0%,United States of America
United Mingdom,0%,United Kingdom
The Republic Of Gambia,0%,Gambia
Uae P.O. Box 506839,0%,United Arab Emirates
Northern Irish,0%,United Kingdom
Polesine Ro,0%,Italy
Singapore.,0%,Singapore
Rdc,0%,NA
Scotland Munited Kingdom,0%,United Kingdom
Rebublic Of Belarus,0%,Belarus
Qat,0%,Qatar
Renfrewshire,0%,United Kingdom
"Slovenia, 2341",0%,Slovenia
Rep Of Ireland,0%,Republic of Ireland
Norther Ireland,0%,United Kingdom
Monaco 98000,0%,Monaco
Scotland/Uk,0%,United Kingdom
Rep. De Panama,0%,Panama
Seyschelles,0%,Seychelles
Rep. Moldova,0%,Moldova
Singapore 179803,0%,Singapore
Rep. Of Marshall Isl,0%,Marshall Islands
Npl,0%,Nepal
Rep.Of Belarus,0%,Belarus
Perú,0%,Peru
Repablic Of Tajikistan,0%,Tajikistan
Netherland,0%,Netherlands
Repubic Of Belarus,0%,Belarus
Scotlan,0%,United Kingdom
Oxford,0%,United Kingdom
"Scotland, Uniited Kingdom",0%,United Kingdom
Nevis  West Indies,0%,Saint Kitts And Nevis
Scottland,0%,United Kingdom
Murcia,0%,Spain
Seychelies,0%,Seychelles
Paksitan,0%,Pakistan
"Moldova, Republic Of",0%,Moldova
Phillipines,0%,The Philippines
Singapore (049909),0%,Singapore
Nevis St Kitts And Nevs,0%,Saint Kitts And Nevis
Singapore 589626,0%,Singapore
Phl,0%,The Philippines
Slovak,0%,Slovakia
Republic Of Djibouti,0%,Djibouti
Quebec,0%,Canada
South America,0%,NA
Ras Al Khaimah,0%,United Arab Emirates
Republic Of Georgia,0%,Georgia
North Yorkshire,0%,United Kingdom
Republic Of Ierland,0%,Republic of Ireland
"Portugal, 1100-533",0%,Portugal
Republic Of India,0%,India
Sark,0%,UK offshore - unspecified 
Nevis West Indies,0%,Saint Kitts And Nevis
Scheychelles,0%,Seychelles
Republic Of Italy,0%,Italy
Principality Of Liechtenstein,0%,Liechtenstein
"Nevis, West Indies",0%,Saint Kitts And Nevis
"Scotland, Great Britain",0%,United Kingdom
New Zealamd,0%,New Zealand
Negara Brunei Darussalam,0%,Brunei
Republic Of Kyrgyzstan,0%,Kyrgyzstan
Philippines 1229,0%,The Philippines
Republic Of Macedonia,0%,Macedonia
Selangor,0%,Malaysia
Phlippines,0%,The Philippines
Serbija,0%,Serbia And Montenegro
Republic Of Marshall Islands,0%,Marshall Islands
Seychellles,0%,Seychelles
Me5 7lq,0%,United Kingdom
Sgp,0%,Singapore
"New Zealand, 7010",0%,New Zealand
Punjab,0%,India
Republic Of Montenegro,0%,Serbia And Montenegro
Singapore (048943),0%,Sinapore
Republic Of Niger,0%,Niger
Singapore 059108,0%,Singapore
"New Zealand,7020",0%,New Zealand
Singapore 575733,0%,Singapore
Republic Of Panaman,0%,Panama
Singapore 648305,0%,Singapore
P.R China,0%,China
Me2 4hn,0%,United Kingdom
Republic Of Saychelles,0%,Seychelles
Noway,0%,Norway
P R China,0%,China
Slovakia 83106,0%,Slovakia
Ni,0%,United Kingdom
Slovenia 6281,0%,Slovenia
Palestinian Territory,0%,Palestine
Phillapines,0%,The Philippines
Republic Of Slovakia,0%,Slovakia
Oceania,0%,NA
Pan,0%,Panama
Rcs Luxembourg,0%,Luxembourg
"Republic Of Tajikistan,",0%,Tajikistan
Mauritus,0%,Mauritius
Republic Of Tatarstan,0%,Russia
"P.R, China",0%,China
Republic Of The Congo,0%,Republic of Congo
San Marcos,0%,United States of America
Mexico 66001,0%,Mexico
"Sar, China",0%,China
Panama City,0%,Panama
Pr Of China,0%,China
Republic Of Trinidad & Tobago,0%,Trinidad And Tobago
Pricipality Of Monaco,0%,Monaco
Republic Of Turkey,0%,Turkey
Schweiz,0%,Switzerland
Nigeia,0%,Nigeria
Principality Of Andorra,0%,Andorra
Republic Of Vanuatu,0%,Vanuatu
Scotland G.B,0%,United Kingdom
Republic Of Yemen,0%,Yemen
Peoples' Republic Of China,0%,China
Republic Seychelles,0%,Seychelles
Mauritias,0%,Mauritius
Republica De Angola,0%,Angola
Netherland Antilles,0%,Netherlands Antilles
Republica De Panama,0%,Panama
"Scotland,Uk",0%,United Kingdom
Republica Dominicana,0%,Dominican Republic
Scotland175,0%,United Kingdom
Republica Maldovia,0%,Moldova
Scotlland,0%,United Kingdom
South Afria,0%,South Africa
Scychelles,0%,Seychelles
Moscow Federation,0%,Russia
Northern Irelland,0%,United Kingdom
South Africa 8000,0%,South Africa
Philippines 2009,0%,The Philippines
Philippine,0%,The Philippines
Servia,0%,Serbia And Montenegro
Reunion,0%,Reunion
Northumberland,0%,United Kingdom
Reunion Island,0%,Reunion
Seychells,0%,Seychelles
Rf,0%,NA
Seyshelles,0%,Seychelles
Monoco,0%,Monaco
Sharjah,0%,United Arab Emirates
România,0%,Romania
Signapore,0%,Singapore
Romania 2000,0%,Romania
Sinapore,0%,Singapore
"Room 205, Building 3, No. 30",0%,NA
Pepublic Of Panama,0%,Panama
Rossia,0%,Russia
Singapore (049315),0%,Singapore
Rsa,0%,Russia
Nottingham,0%,United Kingdom
N-Ireland,0%,United Kingdom
Singapore 068898,0%,Singapore
South Adrica,0%,South Africa
Singapore 569115,0%,Singapore
Po15 5jz,0%,United Kingdom
Singapore 579701,0%,Singapore
Russia 188501,0%,Russia
Singapore 609930,0%,Singapore
Russia 347381,0%,Russia
P. R. China,0%,China
"Mexico, 66001",0%,Mexico
Singapre,0%,Singapore
P R Of China,0%,China
Sl8 5ys,0%,United Kingdom
Russian  Federation,0%,Russia
Slovak Re[Public,0%,Slovakia
Russian Federatiom,0%,Russia
Slovak Republik,0%,Slovakia
North Cyprus,0%,Cyprus
Nt Hong Kong,0%,Hong Kong
Russian Russian,0%,Russia
Slovakian Republic,0%,Slovakia
Po6 3th,0%,United Kingdom
"Ramat Gan, 52346, Rehov Horgin Pinhas 2, , Israel,",0%,Israel
Peolple's Republic Of China,0%,China
"Slovenia,",0%,Slovenia
S Glam,0%,NA
"Slovenia, 4000",0%,Slovenia
S Wales,0%,United Kingdom
Solomon Islands,0%,Solomon Islands
S10 3ej,0%,United Kingdom
Somaliland,0%,Somaliland
Saint Christopher And Nevis,0%,Saint Kitts And Nevis
Somoa,0%,Samoa
People#'s Republic Of China,0%,China
Sough Korea,0%,South Korea
Mex,0%,Mexico
Saint Martin (French Part),0%,Saint Martin
Russia 115583,0%,Russia
South Africa 7441,0%,South Africa
Republik Of Tajikistan,0%,Tajikistan
South Africe,0%,South Africa
Reublic Of Belarus,0%,Belarus
Reublika Srbija,0%,Serbia And Montenegro
Republic Of Gambia,0%,Gambia
Liectenstein,0%,Liechtenstein
Kualalumpar,0%,Malaysia
Malaysia 42200,0%,Malaysia
"India, 671323",0%,India
League Of Arab State,0%,NA
"England, Uk",0%,United Kingdom
Greenland,0%,Greenland
England],0%,United Kingdom
"Guernsey, Channel Island",0%,Guernsey
Hing Kong - Far East,0%,Hong Kong 
Federation Of Saint Kitts And Nevis,0%,Saint Kitts And Nevis
Guertnsey,0%,Guernsey
Great Britain England,0%,United Kingdom
Estado De México,0%,Mexico
Ials Of Man,0%,Isle of Man
Gana,0%,Ghana
Madagasca,0%,Madagascar
"Gauteng, South Africa",0%,South Africa
Faore Islands,0%,Denmark
Iranian,0%,Iran
Gloucester,0%,United Kingdom
Englanf,0%,United Kingdom
Grand Cayman Ky1-1108,0%,Cayman Islands
France (Incl. Monaco),0%,Monaco
Latvia Lv-2011,0%,Latvia
Gb-Gbr,0%,United Kingdom
Francce,0%,France
Guerynsey,0%,Guernsey
Hrvatsko,0%,Croatia
Isel Of Man,0%,Isle of Man
Greater Manchster,0%,United Kingdom
Islamic Republic Of Iran,0%,Iran
"Luxembourg,",0%,Luxembourg
Isle Fo Man,0%,Isle of Man
Engsland,0%,United Kingdom
Isle Of Lewis,0%,Isle of Lewis
Malasyia,0%,Malaysia
Isle Of Ma,0%,Isle of Man
Guam,0%,Guam
Englans,0%,United Kingdom
Farot Islands,0%,Denmark
Isle Of Man (Im1 1jd),0%,Isle of Man
Korea (Republic Of),0%,South Korea
"Guerney, Channel Islands",0%,Guernsey
"Hong Kong. Sar, China",0%,Hong Kong
"Isle Of Man, Im1 2sh",0%,Isle of Man
Kyrghyz Republic,0%,Kyrgyzstan
France Metropolitan,0%,France
Guernset,0%,Guernsey 
Isle Of Man],0%,Isle of Man
Lativa,0%,Latvia
Guerns,0%,Guernsey
Federation Of St. Kitts & Nevis,0%,Saint Kitts And Nevis
Isle Of Mans,0%,Isle of Man
Haiti,0%,Haiti
Isle Of Msn,0%,Isle of Man
Lesotho,0%,Lesotho
French,0%,France
Great Virgin Islands,0%,US Virgin Islands
F,0%,F
G.D. Of Luxembourg,0%,Luxembourg
Israel 59305,0%,Israel
Hyogo Japan,0%,Japan
French Guiana,0%,French Guiana
Ltd,0%,NA
Eritrea,0%,Eritrea
Luxemboug,0%,Luxembourg
Ger,0%,Germany
Im1 2pt,0%,United Kingdom
Germamy,0%,Germany
M,0%,NA
Ivory Coast (Cote D'Lvoire),0%,Ivory Coast
Gt Britain,0%,United Kingdom
Izrael,0%,Israel
Mahe,0%,Seychelles
Izreal,0%,Israel
Malaya,0%,Malaysia
German,0%,Germany
Indai,0%,India
English,0%,United Kingdom
Finland 02330,0%,Finland
Germany 40217,0%,Germany
English Channel,0%,United Kingdom
Japan 100-8253,0%,Japan
"Hong Kong, Sar",0%,Hong Kong
Japan 104-0043,0%,Japan
Gilbralter,0%,Gibraltar
Japan 107-0052,0%,Japan
Giraltar,0%,Gibraltar
Japan 169-0051,0%,Japan
Krygyzstan,0%,Krygyzstan
Japan 366-0825,0%,Japan
Kuala Lumpur,0%,Malaysia
Hong Kong Hk051,0%,Hong Kong
Hong Konh,0%,Hong Kong
"Japan, 100-0005",0%,Japan
Hong Konk,0%,Hong Kong
"Japan, 100-6150",0%,Japan
"Grand Cayman, Cayman Islands",0%,Cayman Islands
"Japan, 100-8631",0%,Japan
Grand Duchy Of Luxemboug,0%,Luxembourg
"Japan, 105-0011",0%,Japan
Lao,0%,Laos
Malta Hmr1556,0%,Malta
Grand Duchy Ofluxembourg,0%,Luxembourg
"Malta, Scm1001",0%,Malta
Latvia Lv-5015,0%,Latvia
Japan.,0%,Japan
Hong-Kong,0%,Hong Kong
Japon,0%,Japan
Lebanese,0%,Lebanon
Jeresy,0%,Jersey
Leicestershire,0%,United Kingdom
Jerse,0%,Jersey
Lenanon,0%,Lebanon
Jersery,0%,Jersey
Lesser Antilles,0%,Antilles - unspecified
Jersesy,0%,Jersey
Great Britian,0%,United Kingdom
Gernamy,0%,Germany
Lichtenstein 9494,0%,Liechtenstein
Jersey - Channel Isl,0%,Jersey 
"Guernsey, Gy1 4hy",0%,Guernsey 
Geurnsey,0%,Guernsey 
Liechtenstien,0%,Liechtenstein
Jersey C.I.,0%,Jersey
Lincolnshire,0%,United Kingdom
Jersey Chanel Islands,0%,Jersey
Ll18 3db,0%,United Kingdom
Jersey Channel Island,0%,Jersey 
London - England,0%,United Kingdom
Hong Kong S.A.R,0%,Hong Kong
Lu7 2re,0%,United Kingdom
Jersey Ci,0%,Jersey
Ibiza,0%,Ibiza
Jersey Je1 8ft,0%,Jersey
Englands,0%,United Kingdom
"Jersey,  Channel Islands",0%,Jersey
Luxembourg.,0%,Luxembourg
French West Indies,0%,Antilles - unspecified
Luxembrg,0%,Luxembourg
Falkland Islands Fiqq 1zz,0%,United Kingdom
Lyahovichy,0%,Belarus
"Jersey, United Kingdom",0%,Jersey 
M3 3st,0%,United Kingdom
Jersy,0%,Jersey
Gribraltar,0%,Gibraltar
Jersye,0%,Jersey
Macedonia (Fyr),0%,Macedonia
Jiangsu Province,0%,China
Gu27 1hd,0%,United Kingdom
Hong Kong Sar People's Republic Of China,0%,Hong Kong
Majorca,0%,Spain
Finlandd,0%,Finland
Gu4 8al,0%,United Kingdom
Kasakhstan,0%,Kazakhstan
Ind,0%,India
Gib,0%,Gibraltar
Malaysia 47410,0%,Malaysia
Kazakhstan111500,0%,Kazakhstan
Guernsy,0%,Guernsey
"Guernsey, Chanel Islands",0%,Guernsey
Marshall Isalnds,0%,Marshall Islands
Kenia,0%,Kenya
India 400 021,0%,India
Gibralta,0%,Gibraltar
"Japan, 141-8603",0%,Japan
Guerney,0%,Guernsey
"Japan, Tokyo",0%,Japan
England Gb,0%,United Kingdom
India  500 074,0%,India
Democratic Republic Of The Congo,0%,Democratic Republic Of Congo
Antarctica,0%,Antarctica
Endland,0%,United Kingdom
Britishvirgin Island,0%,British Virgin Islands
Cymru / Wales,0%,United Kingdom
Bahrein,0%,Bahrain
Bhs,0%,The Bahamas
England G.B.,0%,United Kingdom
Common Wealth Of Dominica,0%,Dominica
Britsh Isles,0%,United Kingdom
British Virgin Islands 957,0%,British Virgin Islands
Britsih Virgin Islands,0%,British Virgin Islands
D,0%,NA
Brtish Virgin Islands,0%,British Virgin Islands
British Virgin Isle,0%,British Virgin Islands
Bcd,0%,NA
Egyot,0%,Egypt
Brunei Darrusalam,0%,Brunei
British Virrgin Islands,0%,British Virgin Islands
Bedfordshire,0%,United Kingdom
British Virgi,0%,British Virgin Islands
Btitish Virgin Islands,0%,British Virgin Islands
B.V.I,0%,British Virgin Islands
Buckinghamshire,0%,United Kingdom
Bermuda Hm12,0%,Bermuda
Brithish Virgin Islands,0%,British Virgin Islands
"British Virgin Islands,",0%,British Virgin Islands
Bui,0%,NA
Delaware - Usa,0%,United States of America
510280 China,0%,China
Djibouti,0%,Djibouti
Bulgaria 1142,0%,Bulgaria
Dubai U.A.E,0%,United Arab Emirates
Bulgaria.,0%,Bulgaria
Blz,0%,Belize 
Bulgarian,0%,Bulgaria
Brisiths Isles,0%,United Kingdom
Bunited Kingdom,0%,United Kingdom
Bosnia Herzevogina,0%,Bosnia And Herzegovina
Belarussia,0%,Belarus
Colombia 111321,0%,Colombia
Belgie,0%,Belgium
Bangedesh,0%,Bangladesh
Bv!,0%,British Virgin Islands
Belsize,0%,Belize 
103-8686 Japan,0%,Japan
"British Virgin Island, British Virgin Island",0%,British Virgin Islands
Britisg Virgin Islands,0%,British Virgin Islands
Autonom Republic Of Crimea,0%,Crimea
Calais,0%,France
Bermuda Hm08,0%,Bermuda
Azarbaijan Republic,0%,Azerbaijan
Cv32by,0%,United Kingdom
7 Rue Robert Stumper,0%,Luxembourg
1067590321,0%,NA
Cambridgehsire,0%,United Kingdom
Argentna,0%,Argentina
Cambridgeshire,0%,United Kingdom
"Bermuda, Hm 11",0%,Bermuda
Cambs,0%,United Kingdom
Demark,0%,Denmark
Alderney Channel Islands,0%,UK offshore - unspecified 
Armania,0%,Armenia
100048,0%,United States of America
Berrmuda,0%,Berrmuda
Cananda,0%,Canada
Bgr,0%,Bulgaria
England / Uk,0%,United Kingdom
Dubai Uea,0%,United Arab Emirates
10022,0%,United States of America
British Virgin Isles Vg1110,0%,British Virgin Islands
122154,0%,United States of America
Ec2a 4ne,0%,United Kingdom
British    Virgin Islands,0%,British Virgin Islands
Bn21 4ru,0%,United Kingdom
British Anguilla,0%,Anguilla
En1 3ld,0%,United Kingdom
Cayman  Islands,0%,Cayman Islands
Engaln,0%,United Kingdom
"Bahrain,340",0%,Bahrain
Englan D,0%,United Kingdom
"B V I, Foreign",0%,British Virgin Islands
Ballearics Spain,0%,Spain
Cayman Islands Bwi,0%,Cayman Islands
Columbia,0%,Colombia
"Cayman Islands,",0%,Cayman Islands
Anquilla,0%,Anquilla
Cayman Islands.,0%,Cayman Islands
Comoros,0%,Comoros
Cayman Uslands,0%,Cayman Islands
Bangkok,0%,The Philippines
British Crown Dependancy,0%,UK offshore - unspecified 
98000,0%,Monaco
Cb22 6ta,0%,United Kingdom
British Virgin Island Foreign,0%,British Virgin Islands
Central,0%,NA
British Virgin Islandds,0%,British Virgin Islands
Belguin,0%,Belgium
County Durham,0%,United Kingdom
Central Hong Kong,0%,Hong Kong
Azerbaijan Republic,0%,Azerbaijan
Cf10 1dy,0%,United Kingdom
A,0%,NA
Belieze,0%,Belize
"Bangladesh, Dhaka",0%,Bangladesh
British Crown Dependency,0%,UK offshore - unspecified 
Antilles,0%,Antilles - unspecified
Channe; Islands,0%,UK offshore - unspecified 
Are,0%,NA
Channel Isalnds,0%,UK offshore - unspecified 
Cymru/Wales,0%,United Kingdom
Amsterdam,0%,Netherlands
Cypus,0%,Cyprus
Andora,0%,Andorra
Czech,0%,Czech Republic
Channel Islands Jersey,0%,Jersey
Czexh Republic,0%,Czech Republic
"Channel Islands, Uk",0%,UK offshore - unspecified 
Dagestan,0%,Russia
"Channel Islands, United Kingdom",0%,UK offshore - unspecified 
De7 4pj,0%,United Kingdom
Channel Islandss,0%,UK offshore - unspecified 
Delegación Miguel Hidalgo,0%,Mexico
Beliz,0%,Belize
British Virgin Islansa,0%,British Virgin Islands
98000 Monaco,0%,Monaco
Armagh,0%,United Kingdom
200070,0%,NA
District Of China,0%,China
England  Uk,0%,United Kingdom
Dm,0%,Dominica
England (Uk),0%,United Kingdom
Aruba,0%,Aruba
250132,0%,United States of America
"Douglas, Isle Of Man",0%,Isle of Man
China  Prc,0%,China
Dubai - United Arab Emirates,0%,United Arab Emirates
British Crown Dependency In The English Channel,0%,UK offshore - unspecified 
Bh6 5ef,0%,United Kingdom
British Indian Ocean Territory,0%,UK offshore - unspecified 
"Dubai, U.A.E",0%,United Arab Emirates
Belize C.A.,0%,Belize
Bangor,0%,United Kingdom
"Belize, Central America",0%,Belize 
Eae,0%,United Arab Emirates
China 311202,0%,China
East Yorkshire,0%,United Kingdom
China Hong Kong,0%,Hong Kong
Auckland,0%,New Zealand
China Sar,0%,China
Aunited Arab Emirate,0%,United Arab Emirates
"China,",0%,China
B37 7dl,0%,United Kingdom
"Brazil, 04543-900",0%,Brazil
Empire Of Japan,0%,Japan
432708,0%,United States of America
Bosnia & Herzegovina,0%,Bosnia And Herzegovina
China.  100010,0%,China
British Virgins Islands,0%,British Virgin Islands
"Abudhabi, Uae",0%,United Arab Emirates
0250 Oslo,0%,Norway
Chinia,0%,China
Engl,0%,United Kingdom
"British Isles, Isle Of Man",0%,Isle of Man
Englanad,0%,United Kingdom
Chorley,0%,United Kingdom
225-002 Japan,0%,Japan
Cocos (Keeling) Islands,0%,Cocos Islands
Chhanel Islands,0%,UK offshore - unspecified 
Bovis Homes Limited,0%,NA
Andorra Ad700,0%,Andorra
Cannel Islands,0%,UK offshore - unspecified 
Britishvirginisland,0%,British Virgin Islands
2106,0%,NA
Britishvirginislands,0%,British Virgin Islands
